{
  "games": 100,
  "wins": 97,
  "losses": 1,
  "draws": 2,
  "win_rate": 0.97,
  "score": 0.98,
  "elo": 676.0784320114053,
  "ci_lo": 0.915479219195973,
  "ci_hi": 0.9897456617765851,
  "p_value": 2.728153571346183e-21,
  "significant": true,
  "avg_length": 55.48,
  "avg_ai_pcs": 6.54,
  "avg_rnd_pcs": 0.27,
  "total_time": 206.97457599639893,
  "model": "model_latest.pt",
  "timestamp": "2026-04-24 16:48:11"
}